2022-10-23 09:55:09,Twitter for Android,,1584121237990969344,Scetzi,in,0,0,0,69,11,"b'@jokowi Gmna mau maju pakde,wong utang mulu....harusnya pendidikan yg dibangun...ehh malah ifrakstuktur.....hmmm'"
2022-10-23 09:55:06,Twitter for Android,Jakarta,1584121224560783360,Vine Wine,in,0,0,1128,12514,1218,b'@M45Broo_ Mirip jokowi yaa...\xf0\x9f\x91\x8d\xf0\x9f\x91\x8d'
2022-10-23 09:55:04,Twitter for Android,Bebas kadrun,1584121216465371136,Bima Sakti,in,0,0,1236,28519,1050,"b'@CNNIndonesia Pak Jokowi Cuma Bilang, Jangan Pilih Capres/Cawapres yg GABENER.....Tau Kan Siapa yg di maksud ??\n#BapakPolitikIdentitas \n#BapakPolitikIdentitas \n#BapakPolitikIdentitas'"
2022-10-23 09:54:41,Twitter for Android,,1584121120755965954,ùôÜùôñùôôùôñùô£ùôú ùôâùôúùôñùô£ùô©ùô™ùô†,in,0,0,2419,16947,1388,"b'Belajar dari Brazil, Indonesia kembangkan bahan bakar nabati.\n\nJokowi Gaspoll Pertahnan Energi https://t.co/EIXsMsHdhc'"
2022-10-23 09:54:36,Twitter for Android,,1584121100568363008,Arafah 5 PDIS ,in,0,0,5,215,6,"b'Elite Demokrat: Jokowi Hanya Sekadar Janji, Anies Sebaliknya #AHYPemimpinPerubahan  https://t.co/Hzt4BuOjpJ'"
2022-10-23 09:54:33,Twitter for iPhone,"Menteng, Indonesia",1584121085842587648,Bayang Bayang Masa Lalu,in,0,0,2109,37062,1143,"b'@NasDem kelurlah dari Koalisi, Tahu malulah..Jgn jadi beban Presiden @jokowi'"
2022-10-23 09:54:29,Twitter for Android,,1584121069580865537,Arafah 5 PDIS ,in,0,0,5,215,6,"b'Reshuffle Kabinet, Demokrat Minta Jokowi Contohi SBY di Tahun Terakhir Jabatannya #AHYPemimpinPerubahan  https://t.co/2h7c9siWXN'"
2022-10-23 09:54:28,Twitter for Android,,1584121066602975232,andry ervi,in,0,0,0,21,42,b'@detikcom Terus fungsi @BPOM_RI apa ya... Kok sampek kelolosan? \nHarus ada yang tanggung jawab masalah ini... \xc2\xb1130 nyawa anak menghilang... @jokowi @mohmahfudmd @ListyoSigitP @DivHumas_Polri'
2022-10-23 09:54:27,Twitter for Android,,1584121062958444544,Maria Juita,in,0,0,0,1,6,b'Semoga bapak jokowi melihat ini https://t.co/anVP2cLtoU'
2022-10-23 09:54:23,Twitter Web App,,1584121047799934976,Djie_GA,in,0,0,262,1495,627,b'@AbdulAzizlatte @jokowi SP itu cerdas mana mau denger orang yang selalu sembrono baik bicara maupun bersikap menasihati untuk tidak sembrono makanya ambil jalan sendiri \xf0\x9f\x98\x85'
2022-10-23 09:54:23,Twitter for Android,,1584121045748809728,Arafah 5 PDIS ,in,0,0,5,215,6,b'Demokrat Desak Jokowi Tindaklanjuti Rekomendasi TGIPF Kanjuruhan #AHYPemimpinPerubahan  https://t.co/GvzSikGB9r'
2022-10-23 09:54:13,Twitter for Android,,1584121003890049024,Ardhanta,in,0,0,713,11413,1111,b'@Lembayung071 @jokowi Ok siap jika dibutuhkan'
2022-10-23 09:53:55,Twitter for Android,Jakarta,1584120929470533632,RILIS.ID,in,0,0,8236,47022,169,b'Pegiat UMKM Akui Infrastruktur Era Jokowi Mudahkan Distribusi Hasil Usaha Rakyat\xc2\xa0\nhttps://t.co/uCMPWK6cEf'
2022-10-23 09:53:49,Twitter for Android,jogja,1584120902316601344,Edu,in,1,0,2630,95383,3583,"b'@josiewirakusuma @Desri24428503 @Usuludin321 Jokowi tetap presiden, yg berikutnya cm penglanjut program pembangunan nasional di Indonesia.\nTak ada ganti presiden cm dilanjutkan oleh pejabat berikutnya.\n#2024lanjutkanprogramjkw'"
2022-10-23 09:53:48,Twitter for Android,"Kota Medan, Sumatera Utara",1584120900227825666,tomsancong,in,0,0,33,1591,133,"b'@Dhar3M @PaskalisO @SahabatSaber Halaahh paling juga pemburu blt ini yang ngomong , makanya bertuhan sama jokowi'"
2022-10-23 09:53:45,Twitter for iPad,,1584120884956389376,Gunardy Rahman,in,0,0,57,71,109,"b'Hasilnya, Prabowo-Erick tetap paling banyak dipilih dengan elektabilitas 37,5% Mending Prabowo https://t.co/ZlvsYBfKY2 dekade08'"
2022-10-23 09:53:31,Twitter for Android,,1584120828332949505,Titafr,in,0,0,5,112,8,b'@Rooneykemur Jokowi mempercepat distribusi BLT BBM https://t.co/sxkQmlv2VN'
2022-10-23 09:53:17,Twitter for Mac,,1584120768111456257,Anthony Situmeang,in,0,0,67,81,144,"b'IPS menanyakan kepada responden jika Pilpres diikuti tiga pasangan. Ternyata, sebanyak 37,5% mengaku akan memilih Prabowo-Erick Mending Prabowo https://t.co/nRdaO6fFwx dekade08'"
2022-10-23 09:53:13,Twitter for Android,,1584120750503362560,Muslim_AntiBangsatBangsa,in,0,0,1124,13743,1160,b'@AbdulAzizlatte @WargaNet1969 @jokowi Sebagai PETUGAS PARTAI https://t.co/b9GlWkL5SZ'
2022-10-23 09:53:08,Twitter for Android,,1584120731750629377,Egi aNdRa MunThE,in,0,0,65,452,414,"b'@Sudjhon @AndiSinulingga @jokowi sebagai ketua umum partai, y hak dia la mw dukung siapa..\xf0\x9f\x98\x82\xf0\x9f\x98\x82,,yg lucunya anda malah bahas ETIKA,tanya tuh ketua umum nya pak presiden yg terhormat, dmn ETIKA-nya pada pilpres 2014 lalu tentang perjanjian batu tulis..\xf0\x9f\x98\x82\xf0\x9f\x98\x82'"
2022-10-23 09:53:06,Twitter for Android,Indonesia,1584120721894014977,AntonKurniawan001,in,1,0,885,8749,1966,b'@bambang20020901 @MrPitulo @ermi_purba @ThrashMetal16 @JohnVirgoVj @agung_milala @HudAbdullah10 @el_Banasari @Srikandiindo1 @setyoprihandono @najatom26 @dnayza1212 @Albertsantoso7 @ronaldua1 @AgusRia74905035 @ArisMustamin2 @jenong26297101 @BoediTomo19 @ZRsaja @BUKAN_THANOS__ @supri_prp @tengkuzainalar1 @JembatanMerah11 @BlueSvoja8503 @Hunterjagar3 @1ndonesiaku_ @abd_hrp @Abenk12356649 @Ales21070844 @alexblck @Ardye_MS @arifsudiharto @Asuhan1nfinitE @BenAjaLo1 @DimaseLagie @doel_riyadh @Eyang1955 @rustaman_uus @Sa16987601San @sannyindra @sastrorejo @ZupersoepriE @AbahADA93465109 @alsangkily @bettahalfmoon09 @bukitalami @jokowi Mana \nSuara Mu \n@MrPitulo'
2022-10-23 09:53:03,Twitter for Android,,1584120712255909889,Relawan ANIES_Official,in,0,0,320,315,146,"b'Maaf mau tanya, memang Pak @jokowi sudah jadi Dewan Pembina @PartaiGolkar ya?\n@airlangga_hrt https://t.co/W7hHgXeus8'"
2022-10-23 09:52:57,Twitter for Mac,,1584120684187615233,Rahardian Dewandi,in,0,0,59,71,148,b'Pasangan Prabowo-Erick menumbangkan pasangan yang sudah tenar secara popularitas. Mending Prabowo https://t.co/SC4Lcbx4bH dekade08'
2022-10-23 09:52:49,Twitter for Android,,1584120653455667201,E.S.H,in,0,0,22,640,382,"b'@HusinShihab @M45Broo_ @jokowi Izin tanya bang, legal standing itu apa ya?'"
2022-10-23 09:52:35,TweetDeck,Aceh,1584120594055852032,Serambi Indonesia,in,0,0,104032,302583,940,"b'#Jokowi #HUTGolkar #Capres2024 \n\n""Jangan sembarangan menentukan calon pilot dan kopilot yang akan dipilih oleh rakyat. Juga jangan sembarangan memilih calon presiden dan wakil presiden,"" kata Jokowi\n\nhttps://t.co/rjd8Ma7inJ.'"
2022-10-23 09:52:33,Twitter for Mac,Jakarta,1584120583234629633,Seno Purnama,in,0,0,65,74,146,"b'Terkait elektoral, pasangan Prabowo-Erick selalu menempati posisi teratas elektabilitas. Mending Prabowo https://t.co/1yWJamdsyV dekade08'"
2022-10-23 09:52:32,Twitter for Android,"Kota Medan, Sumatera Utara",1584120581787889668,tomsancong,in,0,0,33,1591,133,"b'@PoloSutrisno @PaskalisO @SahabatSaber Kerja keraspun kau kalo angkat semen rutinitasmu tetap aja kau menderita , apa udah sukses kau dibuat jokowi ? Pernah dengar kau gaji dokter 75 ribu kerja per 8 jam ? Pernah dengar kau insentif dokter gak dikeluarkan ?'"
2022-10-23 09:52:29,Twitter for Android,,1584120568676130816,ABAH JUNED86,in,0,0,116,9330,89,b'@setkabgoid @jokowi Presiden mirip sales jualan cancut'
2022-10-23 09:52:26,Twitter for Android,"Bekasi Selatan, Indonesia",1584120552892952577,Virdi,in,0,0,11,1694,25,b'@HusinShihab @basuki_btp @jokowi Maha Karya mereka.. https://t.co/JcrYq95yKW'
2022-10-23 09:52:25,Twitter for Android,KOTAWARINGIN TIMUR,1584120549126836224,suPRIAdi,in,0,0,58,10833,151,b'@aniesbaswedan @Stereoflow @JakartaTourism @tamanhutandki @DKIJakarta Kecuali ditendang Jokowi https://t.co/AQNUn3yrkU'
2022-10-23 09:52:22,Twitter Web App,,1584120539362512902,Siti sarah,in,0,0,6,772,7,"b'@GenZetOfficial @erickthohir Emng iys sihh Klo diliat2, pak Erick Thohir sllu jdi andalah oleh pak Jokowi'"
2022-10-23 09:52:19,Twitter for iPhone,,1584120524442988544,hendro0045,in,0,0,42,231,172,"b'@jokowi Pilkada tidak menghasilkan beras, ikan, daging, pertumbuhan ekonomi, kualitas sdm, dll. Pilkada lebih mempertajam perselisihan golongan, si kaya dan si miskin, dll yang memicu instabilitas keamanan. Sebagai pembayar pajak yg dipotong tiap bulan dari gaji, saya keberatan pilkada.'"
2022-10-23 09:52:11,Twitter for Android,KOTAWARINGIN TIMUR,1584120493950763009,suPRIAdi,in,0,0,58,10833,151,b'@saulatu @AgusYudhoyono Kecuali ditendang Jokowi https://t.co/NkRVey888k'
2022-10-23 09:52:11,Twitter for Android,Indonesia,1584120491983634433,A.C.A.B All Cebongs Are Bastard,in,0,0,32,2517,62,b'@setkabgoid @jokowi Wujud perubahan kok dgn ibukota baru \xf0\x9f\x98\x85'
2022-10-23 09:52:11,Twitter for Mac,,1584120491119284224,Cicilia Elsa,in,0,0,73,73,132,"b'\xe2\x80\x9cPrabowo dan Erick sama-sama merupakan tokoh yang dekat dengan Jokowi dan dengan demikian diharapkan bisa melanjutkan visi pemerintahan Jokowi,\xe2\x80\x9d kata Alfin. Mending Prabowo https://t.co/FEflgeislw dekade08'"
2022-10-23 09:52:08,Twitter for Android,"Njowoi, Northland",1584120480985796609,Marsupilami,in,0,0,498,16366,1155,b'Agendamu ngerusak alam pak https://t.co/SlOfSZpy3x'
2022-10-23 09:52:08,ContentStudio.io,,1584120478180216832,BERITA POLITIK,in,0,0,597,85960,32,"b'Golkar Bagai Ormasnya PDIP Gegara Airlangga Patuh ke Jokowi Soal Capres 2024, Said Didu: Akhirnya Terbukti! https://t.co/MgWX4mcXtS'"
2022-10-23 09:52:04,dlvr.it,Indonesia,1584120460836765696,tempo.co,in,1,0,2148040,1092785,27,"b'Polemik Perpu KPK, ICW Sebut Bukti Jokowi Dengarkan Parpol Ketimbang Rakyat https://t.co/rViXKHiP1l #TempoNasional'"
2022-10-23 09:51:55,Twitter for Android,,1584120424819937280,Callista Dea,in,0,0,18,44,216,"b'@henrysubiakto Tp sekarang pak kapolri yg pening. Jokowi tinggal ngomong, habisi..'"
2022-10-23 09:51:54,OkezoneMobile,Jakarta,1584120419313156097,Okezone,in,0,0,1842352,1919680,66,b'Alasan Anies Bertemu Jokowi Ternyata untuk Pamitan: Itu Adab Bawahan ke Atasan #LengkapCepatBeritanya #BeritaTerkini #Berita #News #BeritaNasional . https://t.co/c7FA4bnn8t'
2022-10-23 09:51:53,Twitter for iPad,Jakarta,1584120415479554048,Aris Wijaksana,in,0,0,55,66,94,"b'Peneliti Senior IPS, Alfin Sugianto menilai Prabowo dan Erick merupakan dua tokoh penting dalam kabinet, sehingga jika diduetkan akan membawa visi pembangunan Presiden Jokowi. Mending Prabowo https://t.co/ZSi6hNHImo dekade08'"
2022-10-23 09:51:51,Twitter for Android,"Istana Rakyat, DKI Jakarta",1584120408470884356,R I - 805,in,0,0,911,20842,69,"b'Tujuan sebenarnya BNN &amp; Polisi Narkoba di ciptakan adalah merusak &amp; membunuh generasi muda produktif, sehingga dgn mudah SDA di Indonesia di jarah. \n\nNarkoba adalah senjata andalan AMERIKA, PBB &amp; NATO. \n\nBubarkan BNN &amp; MISKINKAN semua.\n\n#sadarkah ? \n\nCC. Presiden Ir @jokowi https://t.co/RhI5Slaurj'"
2022-10-23 09:51:49,Twitter for Android,"DKI Jakarta, Indonesia",1584120398152892417,Bunda CNHYE,in,1,0,7941,35627,5380,b'@JsDeyz_2 @jokowi Kita jd benteng buat jokowi perangi mrk'
2022-10-23 09:51:48,Twitter for Android,,1584120393606234112,Don Alejandro S,in,0,0,286,2480,118,"b'@Dennysiregar7 Di DKI saja anies memposisikan sebagai oposan ga mw kerjasama dgn pemerintah pusat, bagaimana mau percaya? sdh betul itu anies antitesa Jokowi. Lah skrng nasdem merengek2 klarifikasi ucapannya. \xf0\x9f\x98\x9c'"
2022-10-23 09:51:48,Twitter for Android,,1584120393530765313,rahman,in,0,0,202,1066,1090,"b'@TinaDubie cc @DivHumas_Polri ,@mohmahfudmd ,Pak @jokowi'"
2022-10-23 09:51:47,ContentStudio.io,,1584120391924011008,BERITA POLITIK,in,0,0,597,85960,32,"b'Sindir Jokowi Kayak Bintang Iklan Promosi IKN ke Investor, Politikus Demokrat: Feni Rose Ada Saingan! https://t.co/WF4FuJd7Wk'"
2022-10-23 09:51:45,Twitter for Android,Jakarta,1584120381732163585,eonni,in,0,0,1058,30759,651,"b'Pak @jokowi, pak luhut @kemenkomarves apa nda ingin telepon siapa gitu di singapur buat ngasih kuliah tambahan buat bang isul biar agak sibuk dikit.\nAtau mungkin mas @kaesangp masih ada kenalan di singapur. https://t.co/YGM5RGRmr1'"
2022-10-23 09:51:44,Twitter for Android,KOTAWARINGIN TIMUR,1584120378313805824,suPRIAdi,in,0,0,58,10833,151,b'@tatakujiyati Kecuali ditendang Jokowi https://t.co/q7TZ2oDGy9'
2022-10-23 09:51:41,Twitter for Android,,1584120364732276736,tugiyanto,in,0,0,81,4766,145,"b'@khalik_abdulll @Fakhruddin_MS @Sadewa_39 @DonAdam68 Nggak harus pak jokowi, kan sudah ada penasehat hukum nya'"
2022-10-23 09:51:40,IFTTT,"Semarang, Indonesia",1584120361532026880,Jessica Gonzales,in,0,0,149,892,185,b'Jokowi mempercepat distribusi BLT BBM \n.\n#BLTBBMBantuMasyarakat\n#BansosBBMRingankanRakyat\n#KPMPenyaluranBLTTepatSasaran\n#SukseskanKebijakanPemerintah\n#SubsidiBerkeadilanUntukMasaDepan\n\nJawa Tengah https://t.co/wxOWJmbxF9'
2022-10-23 09:51:35,Twitter Web App,"DKI Jakarta, Indonesia",1584120339843272704,Salsa,in,1,0,93,628,81,b'Jokowi membangun DKI Jakarta dan membangun Neger #JokowiPresidenku #PembangunanUntukRakyat #PresidenJokowiHebat #JokowiMembangunNegeri #JokowiMajuBersamaIndonesia #NKRIMajuBersamaJokowi https://t.co/nx8G1oYV3y'
2022-10-23 09:51:34,Twitter Web App,"DKI Jakarta, Indonesia",1584120337322516482,Salsa,in,1,0,93,628,81,b'Sudah banyak kerja Nyata Jokowi dan terbukti berhasil Di DKI Jakarta dan diseluruh Indonesia #JokowiPresidenku #PembangunanUntukRakyat #PresidenJokowiHebat #JokowiMembangunNegeri #JokowiMajuBersamaIndonesia #NKRIMajuBersamaJokowi https://t.co/lZd1nDRSEM'
2022-10-23 09:51:33,Twitter Web App,"DKI Jakarta, Indonesia",1584120334743089152,Salsa,in,1,0,93,628,81,"b'Era Jokowi produksi beras Naik 2,29%, ketahanan pangan luar biasa ~ DKI Jakarta #JokowiPresidenku #PembangunanUntukRakyat #PresidenJokowiHebat #JokowiMembangunNegeri #JokowiMajuBersamaIndonesia #NKRIMajuBersamaJokowi https://t.co/snp9Aa5SsE'"
2022-10-23 09:51:33,Jawapos.com auto tweet,Jakarta,1584120332700438528,Jawa Pos,in,1,1,500515,1023668,266,"b'Jokowi Ogah Peluk Surya Paloh, PDIP: Nggak Usah jadi Isu Politik https://t.co/LbmpbVonDv'"
2022-10-23 09:51:32,Twitter for Mac,Tangerang,1584120330427064320,Anggita Syaidatul,in,0,0,56,68,99,b'Menteri Pertahanan Prabowo Subianto-Menteri BUMN Erick Thohir memiliki kecocokan berduet pada Pilpres 2024. Mending Prabowo https://t.co/ftTavleeZO dekade08'
2022-10-23 09:51:32,Twitter Web App,"DKI Jakarta, Indonesia",1584120329479168000,Salsa,in,1,0,93,628,81,"b'Nercara perdagangan surplus 29 bulan, luar biasa kinerjanya Jokowi ~ DKI Jakarta #JokowiPresidenku #PembangunanUntukRakyat #PresidenJokowiHebat #JokowiMembangunNegeri #JokowiMajuBersamaIndonesia #NKRIMajuBersamaJokowi https://t.co/BXMFzepatL'"
2022-10-23 09:51:31,Twitter Web App,"DKI Jakarta, Indonesia",1584120325737877504,Salsa,in,1,0,93,628,81,b'Pembangunan Infrastruktur sangat berhasil di era Jokowi ~ DKI Jakarta #JokowiPresidenku #PembangunanUntukRakyat #PresidenJokowiHebat #JokowiMembangunNegeri #JokowiMajuBersamaIndonesia #NKRIMajuBersamaJokowi https://t.co/ZtpMBfznRs'
2022-10-23 09:51:31,IFTTT,"Semarang, Indonesia",1584120324425420800,Jessica Gonzales,in,0,0,149,892,185,b'Alhamdulillah pak jokowi akan tambah nominal BLT BBM jika APBN meninggkat \n.\n#BLTBBMBantuMasyarakat\n#BansosBBMRingankanRakyat\n#KPMPenyaluranBLTTepatSasaran\n#SukseskanKebijakanPemerintah\n#SubsidiBerkeadilanUntukMasaDepan\n\nJawa Tengah https://t.co/ojvcNrzfPi'
2022-10-23 09:51:31,Twitter Web App,"DKI Jakarta, Indonesia",1584120323032563712,Salsa,in,1,0,93,628,81,b'Era Jokowi pembangunan sangat terintegrasi dan luar biasa ~ DKI Jakarta #JokowiPresidenku #PembangunanUntukRakyat #PresidenJokowiHebat #JokowiMembangunNegeri #JokowiMajuBersamaIndonesia #NKRIMajuBersamaJokowi https://t.co/YVkTlaGVpa'
2022-10-23 09:51:30,Twitter for Android,"Kota Mataram, NTeBa",1584120318863364097,Zacki,in,0,0,259,3040,317,b'@Sudiyanto204573 @AndiSinulingga @jokowi @SBYudhoyono Negarawan sejati ya om\xf0\x9f\x91\x8d\xf0\x9f\x91\x8d\xf0\x9f\x91\x87\xf0\x9f\x8f\xbd https://t.co/95FEqqdY2O'
2022-10-23 09:51:30,Twitter for iPhone,Balikpapan - Samarinda,1584120318561394689,üá≤üá®Anak KampoengüáÆüá©,in,0,0,3570,25112,3506,b'@WagimanDeep212_ @YaqutCQoumas @erickthohir @jokowi Kalimat terakhir kode keras yg paling saya suka\xf0\x9f\x98\x81\xf0\x9f\x91\x8d'
2022-10-23 09:51:28,Twitter Web App,"DKI Jakarta, Indonesia",1584120313792458752,Salsa,in,1,0,93,628,81,"b'Jokowi terus bangun infrastruktur digital secara merata, Luar Biasa ~ DKI Jakarta #JokowiPresidenku #PembangunanUntukRakyat #PresidenJokowiHebat #JokowiMembangunNegeri #JokowiMajuBersamaIndonesia #NKRIMajuBersamaJokowi https://t.co/FGiSTiLYW9'"
2022-10-23 09:51:28,Twitter Web App,"DKI Jakarta, Indonesia",1584120311036801024,Salsa,in,1,0,93,628,81,b'Jokowi juga berhasil melakukan pembangunan di Papua ~ DKI Jakarta #JokowiPresidenku #PembangunanUntukRakyat #PresidenJokowiHebat #JokowiMembangunNegeri #JokowiMajuBersamaIndonesia #NKRIMajuBersamaJokowi https://t.co/CYdO85VXRR'
2022-10-23 09:51:27,Twitter Web App,"DKI Jakarta, Indonesia",1584120308289527810,Salsa,in,1,0,93,628,81,"b'Jokowi promosikan kekayaan rempah Khas Nusantara, Semakin Dikenal ~ DKI Jakarta #JokowiPresidenku #PembangunanUntukRakyat #PresidenJokowiHebat #JokowiMembangunNegeri #JokowiMajuBersamaIndonesia #NKRIMajuBersamaJokowi https://t.co/089xodcnEB'"
2022-10-23 09:51:26,Twitter Web App,"DKI Jakarta, Indonesia",1584120304799924224,Salsa,in,1,0,93,628,81,b'Jokowi percepat pengembangan dan pemanfaatan Fitofarmaka. Luar Biasa ~ DKI Jakarta #JokowiPresidenku #PembangunanUntukRakyat #PresidenJokowiHebat #JokowiMembangunNegeri #JokowiMajuBersamaIndonesia #NKRIMajuBersamaJokowi https://t.co/jdIsXsSn2n'
2022-10-23 09:51:26,Twitter Web App,"DKI Jakarta, Indonesia",1584120302019092481,Salsa,in,1,0,93,628,81,b'Jokowi juga berhasil lakukan transformasi ekonomi yang luar biasa ~ DKI Jakarta #JokowiPresidenku #PembangunanUntukRakyat #PresidenJokowiHebat #JokowiMembangunNegeri #JokowiMajuBersamaIndonesia #NKRIMajuBersamaJokowi https://t.co/6xh3atmaeA'
2022-10-23 09:51:25,Twitter Web App,"DKI Jakarta, Indonesia",1584120299187933186,Salsa,in,1,0,93,628,81,b'Jokowi berhasil tangan Covid-19 hingga Ekonomi RI menjadi Tangguh ~ DKI Jakarta #JokowiPresidenku #PembangunanUntukRakyat #PresidenJokowiHebat #JokowiMembangunNegeri #JokowiMajuBersamaIndonesia #NKRIMajuBersamaJokowi https://t.co/w668qQXEME'
2022-10-23 09:51:13,Twitter for Mac,Jakarta,1584120249514803200,Sabita Ameira,in,0,0,57,60,117,b'Duet Prabowo-Erick Thohir Dinilai Bakal Melanjutkan Visi Jokowi Mending Prabowo https://t.co/sdrVn5Iybk dekade08'
2022-10-23 09:51:11,Twitter for Android,,1584120242212868096,Wit,in,0,0,1,821,20,"b'@DjuremiReinke @AbmSuyitno @rubino_lugo @firzahusainInc Kok kadron tambah goblok yaa....., Emang kalo orang pinter bahasa Inggrisnya harus bagus.haaaa.....haaa pengen ketawa guling guling gw. Orang bule bocah aja bisa baha Inggris blom tentu pintar.orang orangan sawah mana percaya walau di bawa tuh ijasah pak Jokowi.'"
2022-10-23 09:51:10,Twitter for Android,Depok,1584120235392610304,Todaro,in,0,0,228,16540,421,b'@CNNIndonesia Kalo kmren pidato jokowi yg ngomong hasto baru cocok...'
2022-10-23 09:51:09,Twitter for Android,,1584120232351715328,Alim AR,in,1,0,2141,5857,2029,b'@Wandystjk Ganjar the next Jokowi. Top markotop\xf0\x9f\x91\x8d\xf0\x9f\x91\x8d\xf0\x9f\x91\x8d'
2022-10-23 09:51:06,Twitter for Android,,1584120219160956929,Asep,in,0,0,99,11484,197,b'@jokowi jangan seperti 2014 dan 2019 https://t.co/30YaGmNlMp'
2022-10-23 09:51:00,Twitter for Android,,1584120193483042816,anggun,in,0,0,69,519,67,b'Presiden Jokowi menyerahkan bantuan modal kerja dan bantuan langsung tunai\n#BLTBBMBantuMasyarakat\n#BansosBBMRingankanRakyat\n#KPMPenyaluranBLTTepatSasaran\n#SukseskanKebijakanPemerintah\n#SubsidiBerkeadilanUntukMasaDepan\nJambi https://t.co/t5XheliiMb'
2022-10-23 09:50:53,Twitter for Android,,1584120163942604800,anggun,in,0,0,69,519,67,b'Jokowi janji nominal BLT BBM ditambah\n#BLTBBMBantuMasyarakat\n#BansosBBMRingankanRakyat\n#KPMPenyaluranBLTTepatSasaran\n#SukseskanKebijakanPemerintah\n#SubsidiBerkeadilanUntukMasaDepan\nJambi https://t.co/XjUn0ggaj4'
2022-10-23 09:50:52,Twitter for Android,,1584120160381652992,Eri Haryoko,in,0,0,14,582,29,"b'@Dennysiregar7 Begitu menteri yg banyak menggelontorkan dana ke kas NasDem, partainya pak Surya itu agak2 gimana dg pak Jokowi. Msh percaya omongannya skr???'"
2022-10-23 09:50:49,Twitter for Android,,1584120148482744321,50 thn keats..,in,0,0,299,7020,97,b'@Syarman59 kl tmn2 nya ijazah nya pd asli..lha kl jokowi..\xf0\x9f\xa4\x94\xf0\x9f\xa4\x94\xf0\x9f\xa4\x94'
2022-10-23 09:50:47,Twitter for Android,jakarta,1584120137988583424,Riduan,in,0,0,10,564,156,"b'@jokowi Beliau sih bagus menurut saya,yang saya tidak suka cuma kenaikan BBM aja ,apa2 mahal itu aja,klw kerjanya beliau mantab'"
2022-10-23 09:50:46,Twitter for Android,,1584120134192357377,Andre Sinurat,in,0,0,1,111,0,b'@Nawang991 @Ivonedarm @idris_072 @detikcom Politik identitas??? Apakah Jokowi yg Wakil nya seorang ulama Ketua MUI bukan memakai politik identitasa???? Serius nanya'
2022-10-23 09:50:43,Twitter for Android,"Jakarta Barat, DKI Jakarta",1584120121190064131,Radio Sonora Jakarta,in,0,0,315814,828252,145,"b'16.49 #BeritaSONORA - Jokowi Tak Peluk Surya Paloh, Sekjen PDIP: yang Suka Peluk Itu Surya Paloh dengan Anies Baswedan https://t.co/33Cw923fiq via @KompasTV'"
2022-10-23 09:50:39,Twitter for Android,Indonesia,1584120104182087680,TOLAK POLITIK IDENTITAS/AGAMA,in,0,0,168,7624,156,b'Bicara ADAB..? Bicara ETIKA..?\nBuka topengmu kawan... ;)\n\nhttps://t.co/CWeHcMAVPi\n\nMantan Gubernur DKI Jakarta Anies Baswedan mengungkap isi pertemuannya dengan Presiden Joko Widodo (Jokowi) di Istana beberapa waktu lalu. Apa itu?'
2022-10-23 09:50:34,dlvr.it,"West Sumatra, Indonesia",1584120085203255296,Harian Haluan,in,0,0,131593,178528,20479,b'Sindir Jokowi? Surya Paloh: Nasdem Tak Semborono Pilih Anies Baswedan https://t.co/ejUZgyX8wo'
2022-10-23 09:50:09,Twitter for Android,indonesia,1584119981125795840,Usuludin,in,1,0,5891,1838,1938,"b'@HusinShihab @Alpacin22404216 @jokowi Sihab, sampai kapan anda terus hidup begini hati2, sekali lagi hati\xc2\xb3 https://t.co/bu7GQSYGSF'"
2022-10-23 09:50:09,Twitter for Android,"Kalimantan Tengah, Indonesia",1584119979414151168,Magdalena,in,1,0,16,259,111,b'Terimakasih Pak Jokowi untuk BLT BBM yang diberikan kepada masyarakat yang membutuhkan. Kalimantan Tengah\n#BLTBBMBantuMasyarakat\n#BansosBBMRingankanRakyat\n#KPMPenyaluranBLTTepatSasaran\n#SukseskanKebijakanPemerintah\n#SubsidiBerkeadilanUntukMasaDepan https://t.co/D88X6mS1ge'
2022-10-23 09:50:08,Twitter for Android,,1584119976998625280,Tony Green,in,0,0,374,3582,531,b'@NKRI_jokowisyoo Udah gak ada bahan.bentar lagi surat nikah palsu ujung ujungnya turunkan jokowi.khadrun khadrun https://t.co/Pblt2VhD3x'
2022-10-23 09:50:05,Twitter for Android,"Kota Surabaya, Jawa Timur",1584119963945619458,‚í∑. ‚ìÅ‚ìä‚íºüÖà üáÆüá©‚ù§Ô∏èüáÆüá©,in,0,0,3529,53240,4997,b'@AleGiggle @abu_waras @NasDem @jokowi \xf0\x9f\xa4\xa3\xf0\x9f\xa4\xa3\xf0\x9f\xa4\xa3\xf0\x9f\xa4\xa3\n\nMember kaliii'
2022-10-23 09:49:59,Twitter for Android,,1584119937290801153,Pras_manan,in,0,0,694,51087,850,b'@kipanyadap @jokowi Maksudnya diskon pajak 350% apaan? Pajak korporasi ditanggung pajak rakyat gt?'
2022-10-23 09:49:57,Twitter for Android,,1584119928457601025,Aniesologi,in,0,0,1674,623,1838,b'Jokowi disebut planga plongo ribuan kali ga kenapa kenapa tuh\n\nBegitu Jokowi menyebut SEMBRONO 1X saja semua kelojotan dan blingsatan'
2022-10-23 09:49:55,Twitter for iPhone,,1584119923726422016,MWar,in,0,0,285,6728,254,b'@Valosenadya1 Kasih tau jokowi dong. Itukan gubernur terpilih dari petugas partai'
2022-10-23 09:49:51,Twitter for Android,Afghanistan,1584119904969535488,Irjen Rambo,in,0,0,7,400,29,"b'@DarkanAmelia @luky_chan @HusinShihab @Bayumaruto4 @jokowi Contoh prinsipnya bikin sumur resapan?pakai toa saat banjir?\xf0\x9f\x98\x81\xf0\x9f\x98\x81\xf0\x9f\x98\x81\nSoal prinsip boleh2 aja,harus malah.tapi tentu harus pintar agar prinsip yg dipegang berada dijalan yg bnr.kl msh goblok tapi ga mau dengar kata orang krn prinsip,wah bahaya itu.yg jd korban rakyat kecil\xf0\x9f\x99\x84\xf0\x9f\x99\x84\xf0\x9f\x99\x84'"
2022-10-23 09:49:51,Twitter for iPhone,"medan, north sumatra",1584119902931390464,Yulvando,in,0,0,226,7716,320,"b'@iwanpiliang7 @jokowi Saya mengikuti bang Iwan sejak 2010 dan banyak tau apa yg beliau perbuat utk beliau sehingga menjadi pemimpin, semoga perteman bang Iwan dgn pemimpin ini tetap berjalan walau sdh tdk menjabat lagi ... Aamiin'"
2022-10-23 09:49:50,Twitter for Android,"Province of Moscow, Russia",1584119901991493633,A.D.C,in,0,0,182,3513,210,"b'@NAHProjectTeam Happy Birthday @NAHProjectTeam sukses untuk kalian, wishnya semoga brandnya laris manis dan segera keluarin produk terbaik ya. Target kedepannya yg pake sepatu jangan pak Jokowi aja, bisa lah pak Putin atau Joe Biden juga pake \xf0\x9f\xa4\xa9\xf0\x9f\x94\xa5\xf0\x9f\x94\xa5\xf0\x9f\x94\xa5'"
2022-10-23 09:49:40,Twitter Web App,Banda Aceh,1584119859419353095,cloverhand,in,0,0,876,1830,830,"b'@Fakhruddin_MS @DonAdam68 wah, kalo ini beneran... \nKPU berarti yang melakukan pelanggaran berat, karena meloloskan orang yang sama sekali ga qualified.. \xf0\x9f\x98\xad\nmungkin selama ini bukan salah jokowi (karena dia memang ga mampu brada di level itu), tapi org2 yang meloloskannya hingga dia berada di RI 1...'"
2022-10-23 09:49:40,Twitter for Android,,1584119857586794496,Ganevzi,in,0,0,39,2604,52,b'@abu_waras @NasDem @jokowi Gak penting'
2022-10-23 09:49:36,Twitter for Android,,1584119841933635585,Aiman_Judakusumah üáÆüá©,in,0,0,7468,74944,7172,b'@caul_tanjung terus @FaisalBasri yg pintar itu jasanya buat negara apa? \n\xf0\x9f\x98\x82\n\n@jokowi @erickthohir @KSPgoid @prastow @OposisiCerdas'
2022-10-23 09:49:29,Twitter for Android,,1584119810967097344,Rzq,in,0,0,81,1128,325,b'@jokowi Zaman sekarang tantanganya hutang'
2022-10-23 09:49:23,Twitter for Android,,1584119788447490050,Harley,in,0,0,20,27,65,"b'Banyak Keberhasilan Presiden Jokowi Dalam Menangani Masalah Di Indonesia , Salah Satunya Covid-19\n\n#JokowiPresidenku\n#PembangunanUntukRakyat\n#PresidenJokowiHebat\n#JokowiMembangunNegeri\n#JokowiMajuBersamaIndonesia\n#NKRIMajuBersamaJokowi\nBengkulu https://t.co/LJbL21qCg2'"
2022-10-23 09:49:15,Twitter for Android, Jabar Indonesia ,1584119752389033986,üáÆüá©BARAüáÆüá©,in,0,0,5025,5861,5167,b'@Diti44668265 @Hulk_SelluHijaU @EireneEunomia Justru itu yg sya tunggu pengn tau komentar dri org yg benci jokowi. \xf0\x9f\x98\x84'
2022-10-23 09:49:14,twittbot.net,"Jakarta, Indonesia",1584119750510026752,FADLIDZON (Youtube: Fadlidzon Official),in,0,0,80,81815,8,"b'Sebagaimana #Gusdur, Presiden Jokowi termasuk salah satu tokoh toleransi Indonesia. Kepada para pemimpin agama, beliau menyampaikan pesan kedamaian, persatuan dan pembangunan bangsa. \nhttps://t.co/weAyTYul7D'"
2022-10-23 09:49:10,Twitter for Android,"Sumatera Barat, Indonesia",1584119732164513794,Ade Surya Iskandar,in,0,0,242,3335,54,"b'@Heritanjung13 @NasDem @jokowi Ya dilihat saja pergerakannya, counter statement suara anjlok 9.04 dari 2019 harusnya bisa dibantahkan toh? Sisanya 2024 nanti dilihat saja manuver2 lainnya'"
2022-10-23 09:49:10,Twitter for Android,"√úT: -6.448347,106.809876",1584119730809380865,Ahmed,in,0,0,279,17265,526,"b'@Alwizar69 @Relawananies Siapa yg ngusung Jokowi pertama di tahun 2014? Bukan PDIP, tapi Nasdem. He he.\n\nBtw, saya nyoblos dari tahun 1992. Maaf ya.'"
